,sequentiality
0,this is a test
1,this is a test
2,this is a test
3,this is a test
4,this is a test
5,this is a test
6,this is a test
7,this is a test
8,this is a test
9,this is a test
10,this is a test
11,this is a test
12,this is a test
13,this is a test
14,this is a test
15,this is a test
16,this is a test
17,this is a test
18,this is a test
19,this is a test
20,this is a test
21,this is a test
22,this is a test
23,this is a test
24,this is a test
25,this is a test
26,this is a test
27,this is a test
28,this is a test
29,this is a test
30,this is a test
31,this is a test
32,this is a test
33,this is a test
34,this is a test
35,this is a test
36,this is a test
37,this is a test
38,this is a test
39,this is a test
40,this is a test
41,this is a test
42,this is a test
43,this is a test
44,this is a test
45,this is a test
46,this is a test
47,this is a test
48,this is a test
49,this is a test
50,this is a test
51,this is a test
52,this is a test
53,this is a test
54,this is a test
55,this is a test
56,this is a test
57,this is a test
58,this is a test
59,this is a test
60,this is a test
61,this is a test
62,this is a test
63,this is a test
64,this is a test
65,this is a test
66,this is a test
67,this is a test
68,this is a test
69,this is a test
70,this is a test
71,this is a test
72,this is a test
73,this is a test
74,this is a test
75,this is a test
76,this is a test
77,this is a test
78,this is a test
79,this is a test
80,this is a test
81,this is a test
82,this is a test
83,this is a test
84,this is a test
85,this is a test
86,this is a test
87,this is a test
88,this is a test
89,this is a test
90,this is a test
91,this is a test
92,this is a test
93,this is a test
94,this is a test
95,this is a test
96,this is a test
97,this is a test
98,this is a test
99,this is a test
